{"cameraMode":{"drawMode":0,"name":"Shaded","section":"Shading Mode"},"sceneLighting":true,"audioPlay":false,"sceneViewState":{"m_AlwaysRefresh":false,"showFog":true,"showSkybox":true,"showFlares":true,"showImageEffects":true,"showParticleSystems":true,"showVisualEffectGraphs":true,"m_FxEnabled":true},"in2DMode":false,"pivot":{"x":131.55642700195313,"y":35.300662994384769,"z":-36.41762161254883},"rotation":{"x":-0.18261311948299409,"y":0.4133036434650421,"z":-0.08499059826135636,"w":-0.8880363702774048},"size":0.05644957721233368,"orthographic":false}